Variable,Importancia
TotalCharges,0.15786684254892475
tenure,0.15586654120401022
MonthlyCharges,0.14205009182387768
Contract,0.13245400403887356
OnlineSecurity,0.07863016274791344
TechSupport,0.05957754892006166
PaymentMethod,0.04255150179080768
InternetService,0.04088577905280153
OnlineBackup,0.028230555011224987
PaperlessBilling,0.02349404558739634
MultipleLines,0.021082650684871855
DeviceProtection,0.01899892905243546
gender,0.016756619513805474
StreamingMovies,0.01585993171541507
Dependents,0.015665264833369632
Partner,0.015037055260346157
SeniorCitizen,0.01491841899673069
StreamingTV,0.013934969140093104
PhoneService,0.0061390880770407705
